{
    "version": "5.7.0.v202509011500",
    "created": "2025-10-16 12:43",
    "nodestats": {
        "nodes": [
        ],
        "metaNodes": {
        },
        "wrappedNodes": {
        },
        "createdVia": {
        }
    },
    "uptime": 45387,
    "workflowsOpened": 0,
    "remoteWorkflowsOpened": 0,
    "workflowsCreated": 0,
    "remoteWorkflowsCreated": 0,
    "columnarStorageWorkflowsOpened": 0,
    "workflowsImported": 0,
    "workflowsExported": 0,
    "webUIPerspectiveSwitches": 0,
    "javaUIPerspectiveSwitches": 0,
    "lastUsedPerspective": "none (classic)",
    "launches": 2,
    "lastApplicationID": "org.knime.product.KNIME_APPLICATION",
    "timeSinceLastStart": 33186,
    "crashes": 0,
    "properlyShutDown": true
}